"filename", "language", "JavaScript", "JavaScript JSX", "PostCSS", "comment", "blank", "total"
"d:\TestFlow\client\src\App.jsx", "JavaScript JSX", 0, 15, 0, 0, 3, 18
"d:\TestFlow\client\src\App.module.css", "PostCSS", 0, 0, 13, 0, 1, 14
"d:\TestFlow\client\src\components\AppRouter.jsx", "JavaScript JSX", 0, 18, 0, 0, 6, 24
"d:\TestFlow\client\src\components\MainLayout.jsx", "JavaScript JSX", 0, 14, 0, 0, 2, 16
"d:\TestFlow\client\src\components\UI\Input\Input.jsx", "JavaScript JSX", 0, 11, 0, 0, 2, 13
"d:\TestFlow\client\src\components\UI\button\Button.jsx", "JavaScript JSX", 0, 18, 0, 0, 2, 20
"d:\TestFlow\client\src\components\UI\button\button.module.css", "PostCSS", 0, 0, 21, 0, 2, 23
"d:\TestFlow\client\src\components\UI\cardHeader\Header.jsx", "JavaScript JSX", 0, 11, 0, 0, 2, 13
"d:\TestFlow\client\src\components\UI\cardHeader\header.module.css", "PostCSS", 0, 0, 18, 0, 2, 20
"d:\TestFlow\client\src\components\UI\h2\H2.jsx", "JavaScript JSX", 0, 7, 0, 0, 2, 9
"d:\TestFlow\client\src\components\UI\h2\h2.module.css", "PostCSS", 0, 0, 3, 0, 0, 3
"d:\TestFlow\client\src\components\UI\header\Header.jsx", "JavaScript JSX", 0, 34, 0, 0, 2, 36
"d:\TestFlow\client\src\components\UI\header\header.module.css", "PostCSS", 0, 0, 26, 0, 6, 32
"d:\TestFlow\client\src\components\UI\modal\AppModal.jsx", "JavaScript JSX", 0, 54, 0, 0, 4, 58
"d:\TestFlow\client\src\components\UI\navbar\Sidebar.jsx", "JavaScript JSX", 0, 42, 0, 0, 6, 48
"d:\TestFlow\client\src\components\UI\navbar\sidebar.module.css", "PostCSS", 0, 0, 48, 0, 8, 56
"d:\TestFlow\client\src\components\UI\pagination\MyPagination.jsx", "JavaScript JSX", 0, 15, 0, 0, 2, 17
"d:\TestFlow\client\src\components\UI\pagination\pagination.module.css", "PostCSS", 0, 0, 7, 0, 1, 8
"d:\TestFlow\client\src\components\UI\search\Search.jsx", "JavaScript JSX", 0, 11, 0, 0, 2, 13
"d:\TestFlow\client\src\components\UI\search\search.module.css", "PostCSS", 0, 0, 26, 0, 3, 29
"d:\TestFlow\client\src\components\UI\toolBar\ToolBar.jsx", "JavaScript JSX", 0, 8, 0, 0, 2, 10
"d:\TestFlow\client\src\components\UI\toolBar\toolbar.module.css", "PostCSS", 0, 0, 8, 0, 0, 8
"d:\TestFlow\client\src\components\cards\activityCard\ActivityCard.jsx", "JavaScript JSX", 0, 61, 0, 0, 7, 68
"d:\TestFlow\client\src\components\cards\activityCard\activityCard.module.css", "PostCSS", 0, 0, 49, 0, 9, 58
"d:\TestFlow\client\src\components\cards\badTest\BadTestCard.jsx", "JavaScript JSX", 0, 20, 0, 0, 3, 23
"d:\TestFlow\client\src\components\cards\badTest\badTest.module.css", "PostCSS", 0, 0, 10, 0, 1, 11
"d:\TestFlow\client\src\components\cards\goodTest\GoodTest.jsx", "JavaScript JSX", 0, 18, 0, 0, 2, 20
"d:\TestFlow\client\src\components\cards\goodTest\goodTest.module.css", "PostCSS", 0, 0, 10, 0, 1, 11
"d:\TestFlow\client\src\components\cards\lastComplitedTestsCard\LastComplitedTestsCard.jsx", "JavaScript JSX", 0, 26, 0, 0, 2, 28
"d:\TestFlow\client\src\components\cards\lastComplitedTestsCard\tests.module.css", "PostCSS", 0, 0, 23, 0, 4, 27
"d:\TestFlow\client\src\components\dataCard\DataCard.jsx", "JavaScript JSX", 0, 14, 0, 0, 2, 16
"d:\TestFlow\client\src\components\dataCard\dataCard.module.css", "PostCSS", 0, 0, 24, 0, 3, 27
"d:\TestFlow\client\src\components\modals\ModalsForGroups\createGroup\CreateGroupModal.jsx", "JavaScript JSX", 0, 114, 0, 0, 13, 127
"d:\TestFlow\client\src\components\modals\ModalsForGroups\createGroup\createGroupModal.module.css", "PostCSS", 0, 0, 8, 0, 3, 11
"d:\TestFlow\client\src\components\modals\ModalsForGroups\editGroup\EditGroup.jsx", "JavaScript JSX", 0, 43, 0, 0, 6, 49
"d:\TestFlow\client\src\components\modals\ModalsForGroups\editGroup\editGroupModal.module.css", "PostCSS", 0, 0, 8, 0, 3, 11
"d:\TestFlow\client\src\components\modals\ModalsForRespondents\addGroupModal\AddGroupModal.jsx", "JavaScript JSX", 0, 64, 0, 0, 5, 69
"d:\TestFlow\client\src\components\modals\ModalsForRespondents\addGroupModal\addGroupModal.module.css", "PostCSS", 0, 0, 8, 0, 3, 11
"d:\TestFlow\client\src\components\modals\ModalsForRespondents\addUserModal\AddUserModal.jsx", "JavaScript JSX", 0, 217, 0, 0, 32, 249
"d:\TestFlow\client\src\components\modals\ModalsForRespondents\addUserModal\addUserModal.module.css", "PostCSS", 0, 0, 8, 0, 3, 11
"d:\TestFlow\client\src\components\modals\ModalsForRespondents\editUserModal\EditUserModal.jsx", "JavaScript JSX", 0, 65, 0, 0, 8, 73
"d:\TestFlow\client\src\components\modals\ModalsForRespondents\editUserModal\editUserModal.module.css", "PostCSS", 0, 0, 8, 0, 2, 10
"d:\TestFlow\client\src\components\modals\TestsModals\EditTest.jsx", "JavaScript JSX", 0, 75, 0, 0, 6, 81
"d:\TestFlow\client\src\components\modals\TestsModals\createNewTest\CreateNewTest.jsx", "JavaScript JSX", 0, 81, 0, 0, 7, 88
"d:\TestFlow\client\src\components\modals\TestsModals\createNewTest\style.module.css", "PostCSS", 0, 0, 5, 0, 0, 5
"d:\TestFlow\client\src\components\modals\TestsModals\openTestToGroupModal\OpenTestToGroupModal.jsx", "JavaScript JSX", 0, 62, 0, 0, 5, 67
"d:\TestFlow\client\src\components\modals\TestsModals\openTestToGroupModal\openTestToGroupModal.module.css", "PostCSS", 0, 0, 8, 0, 3, 11
"d:\TestFlow\client\src\components\modals\TestsModals\openTestToUserModal\OpenTestToUserModal.jsx", "JavaScript JSX", 0, 65, 0, 0, 4, 69
"d:\TestFlow\client\src\components\modals\TestsModals\openTestToUserModal\openTestToUserModal.module.css", "PostCSS", 0, 0, 8, 0, 3, 11
"d:\TestFlow\client\src\components\modals\addUserToGroupModal\AddUserToGroupModal.jsx", "JavaScript JSX", 0, 60, 0, 0, 4, 64
"d:\TestFlow\client\src\components\modals\addUserToGroupModal\addUserToGroupModal.module.css", "PostCSS", 0, 0, 8, 0, 3, 11
"d:\TestFlow\client\src\components\modals\confirmModal\ConfirmModal.jsx", "JavaScript JSX", 0, 51, 0, 0, 3, 54
"d:\TestFlow\client\src\components\modals\openTests\OpenTests.jsx", "JavaScript JSX", 0, 70, 0, 0, 7, 77
"d:\TestFlow\client\src\components\modals\openTests\openTests.module.css", "PostCSS", 0, 0, 8, 0, 3, 11
"d:\TestFlow\client\src\components\modals\userResultModal\UserResultModal.jsx", "JavaScript JSX", 0, 67, 0, 0, 8, 75
"d:\TestFlow\client\src\components\routes\AdminRoutes.jsx", "JavaScript JSX", 0, 38, 0, 0, 6, 44
"d:\TestFlow\client\src\components\routes\PublicRoutes.jsx", "JavaScript JSX", 0, 10, 0, 0, 1, 11
"d:\TestFlow\client\src\components\routes\UserRoutes.jsx", "JavaScript JSX", 0, 25, 0, 0, 2, 27
"d:\TestFlow\client\src\components\tables\rowActions\RowActionsGroups.jsx", "JavaScript JSX", 0, 44, 0, 0, 6, 50
"d:\TestFlow\client\src\components\tables\rowActions\RowActionsRespondents.jsx", "JavaScript JSX", 0, 53, 0, 0, 7, 60
"d:\TestFlow\client\src\components\tables\rowActions\RowActionsTests.jsx", "JavaScript JSX", 0, 37, 0, 0, 7, 44
"d:\TestFlow\client\src\components\tables\table\Table.jsx", "JavaScript JSX", 0, 43, 0, 0, 3, 46
"d:\TestFlow\client\src\components\tables\table\table.module.css", "PostCSS", 0, 0, 28, 0, 5, 33
"d:\TestFlow\client\src\components\testCard\TestCard.jsx", "JavaScript JSX", 0, 41, 0, 0, 5, 46
"d:\TestFlow\client\src\components\testCard\style.module.css", "PostCSS", 0, 0, 31, 0, 4, 35
"d:\TestFlow\client\src\components\testResultCard\TestResultCard.jsx", "JavaScript JSX", 0, 109, 0, 0, 12, 121
"d:\TestFlow\client\src\components\testResultCard\testResultCard.module.css", "PostCSS", 0, 0, 64, 1, 15, 80
"d:\TestFlow\client\src\components\tests\mentalRotationTest\MentalRotationTest.jsx", "JavaScript JSX", 0, 253, 0, 0, 34, 287
"d:\TestFlow\client\src\components\tests\mentalRotationTest\mentalRotation.module.css", "PostCSS", 0, 0, 122, 0, 18, 140
"d:\TestFlow\client\src\context\AuthContext.jsx", "JavaScript JSX", 0, 76, 0, 0, 14, 90
"d:\TestFlow\client\src\http\index.js", "JavaScript", 15, 0, 0, 0, 7, 22
"d:\TestFlow\client\src\index.css", "PostCSS", 0, 0, 39, 0, 11, 50
"d:\TestFlow\client\src\main.jsx", "JavaScript JSX", 0, 12, 0, 0, 2, 14
"d:\TestFlow\client\src\pagesForUsers\evaluationPage\EvaluationPage.jsx", "JavaScript JSX", 0, 469, 0, 0, 21, 490
"d:\TestFlow\client\src\pagesForUsers\evaluationPage\style.module.css", "PostCSS", 0, 0, 38, 0, 8, 46
"d:\TestFlow\client\src\pagesForUsers\mainPage\MainPage.jsx", "JavaScript JSX", 0, 108, 0, 0, 13, 121
"d:\TestFlow\client\src\pagesForUsers\mainPage\style.module.css", "PostCSS", 0, 0, 12, 0, 2, 14
"d:\TestFlow\client\src\pagesForUsers\respondentTestPage\RespondentTestPage.jsx", "JavaScript JSX", 0, 133, 0, 0, 16, 149
"d:\TestFlow\client\src\pagesForUsers\respondentTestPage\style.module.css", "PostCSS", 0, 0, 54, 0, 11, 65
"d:\TestFlow\client\src\pagesForUsers\userProfilePage\UserProgilePage.jsx", "JavaScript JSX", 0, 124, 0, 0, 13, 137
"d:\TestFlow\client\src\pagesForUsers\userProfilePage\profile.module.css", "PostCSS", 0, 0, 24, 0, 4, 28
"d:\TestFlow\client\src\pages\ButtonToSomePage.jsx", "JavaScript JSX", 0, 8, 0, 0, 4, 12
"d:\TestFlow\client\src\pages\ErrorPage.jsx", "JavaScript JSX", 0, 7, 0, 0, 2, 9
"d:\TestFlow\client\src\pages\Statistics\Statistics.jsx", "JavaScript JSX", 0, 114, 0, 0, 11, 125
"d:\TestFlow\client\src\pages\dashboard\Dashboard.jsx", "JavaScript JSX", 0, 19, 0, 0, 2, 21
"d:\TestFlow\client\src\pages\dashboard\dashboard.module.css", "PostCSS", 0, 0, 6, 0, 0, 6
"d:\TestFlow\client\src\pages\groups\GroupDetailedData.jsx", "JavaScript JSX", 0, 322, 0, 4, 35, 361
"d:\TestFlow\client\src\pages\groups\Groups.jsx", "JavaScript JSX", 0, 186, 0, 0, 20, 206
"d:\TestFlow\client\src\pages\groups\groups.module.css", "PostCSS", 0, 0, 3, 0, 0, 3
"d:\TestFlow\client\src\pages\loginPage\LoginPage.jsx", "JavaScript JSX", 0, 79, 0, 0, 11, 90
"d:\TestFlow\client\src\pages\loginPage\style.module.css", "PostCSS", 0, 0, 43, 0, 7, 50
"d:\TestFlow\client\src\pages\profile\Profile.jsx", "JavaScript JSX", 0, 124, 0, 0, 13, 137
"d:\TestFlow\client\src\pages\profile\profile.module.css", "PostCSS", 0, 0, 24, 0, 4, 28
"d:\TestFlow\client\src\pages\respondents\Respondents.jsx", "JavaScript JSX", 0, 283, 0, 0, 35, 318
"d:\TestFlow\client\src\pages\respondents\RespondentsDetailedInfo.jsx", "JavaScript JSX", 0, 496, 0, 0, 44, 540
"d:\TestFlow\client\src\pages\respondents\TestResults.jsx", "JavaScript JSX", 0, 117, 0, 0, 17, 134
"d:\TestFlow\client\src\pages\respondents\respondents.module.css", "PostCSS", 0, 0, 10, 0, 1, 11
"d:\TestFlow\client\src\pages\tests\TestDetailedInfo.jsx", "JavaScript JSX", 0, 463, 0, 0, 46, 509
"d:\TestFlow\client\src\pages\tests\Tests.jsx", "JavaScript JSX", 0, 221, 0, 0, 27, 248
"d:\TestFlow\client\src\pages\tests\tests.module.css", "PostCSS", 0, 0, 4, 0, 0, 4
"d:\TestFlow\client\src\utils\filtredSort.js", "JavaScript", 24, 0, 0, 0, 8, 32
"d:\TestFlow\client\src\utils\groups.js", "JavaScript", 68, 0, 0, 0, 0, 68
"d:\TestFlow\client\src\utils\hooks\useSearch.js", "JavaScript", 11, 0, 0, 0, 4, 15
"d:\TestFlow\client\src\utils\hooks\useTable.js", "JavaScript", 43, 0, 0, 0, 8, 51
"d:\TestFlow\client\src\utils\mockStatisticsData.js", "JavaScript", 52, 0, 0, 0, 0, 52
"d:\TestFlow\client\src\utils\testResults.js", "JavaScript", 122, 0, 0, 0, 4, 126
"d:\TestFlow\client\src\utils\tests.js", "JavaScript", 7, 0, 0, 0, 0, 7
"d:\TestFlow\client\src\utils\users.js", "JavaScript", 142, 0, 0, 0, 0, 142
"Total", "-", 484, 5445, 865, 5, 778, 7577